{
	"YMIN":2016,
	"YMAX":2024,
	"levels":["Topics", "Subtopics"],
	"Nbc":9,
	"Q":[0.519,0.519],
	"ncom":[4, 4],
	"TOPmaxNodeSize":3,
	"TOPmaxLinkWeight":0.007946,
	"TOPWrange":[-6,-2.10,-6],
	"TOPshowthr":1.05,
	"TOPforce":[0.2,-1000,25],
	"TOPpositions":[[3,0.10,11.41],[1,15.40,18.41],[2,5.84,19.09],[4,3.46,2.43]],
	"SUBmaxNodeSize":3,
	"SUBmaxLinkWeight":0.007946,
	"SUBWrange":[-6,-2.10,-4.70],
	"SUBshowthr":1.1,
	"SUBforce":[0.5,-500,20],
	"SUBpositions":[[3,0.10,11.41],[1,15.40,18.41],[2,5.84,19.09],[4,3.46,2.43]]
}